id,name,primary_type,secondary_type,color,shape,sprite_file
1,bulbasaur,grass,poison,green,quadruped,sprites/0001.png
2,ivysaur,grass,poison,green,quadruped,sprites/0002.png
3,venusaur,grass,poison,green,quadruped,sprites/0003.png
4,charmander,fire,,red,upright,sprites/0004.png
5,charmeleon,fire,,red,upright,sprites/0005.png
6,charizard,fire,flying,red,upright,sprites/0006.png
7,squirtle,water,,blue,upright,sprites/0007.png
8,wartortle,water,,blue,upright,sprites/0008.png
9,blastoise,water,,blue,upright,sprites/0009.png
10,caterpie,bug,,green,armor,sprites/0010.png
11,metapod,bug,,green,squiggle,sprites/0011.png
12,butterfree,bug,flying,white,bug-wings,sprites/0012.png
13,weedle,bug,poison,brown,armor,sprites/0013.png
14,kakuna,bug,poison,yellow,squiggle,sprites/0014.png
15,beedrill,bug,poison,yellow,bug-wings,sprites/0015.png
16,pidgey,normal,flying,brown,wings,sprites/0016.png
17,pidgeotto,normal,flying,brown,wings,sprites/0017.png
18,pidgeot,normal,flying,brown,wings,sprites/0018.png
19,rattata,normal,,purple,quadruped,sprites/0019.png
20,raticate,normal,,brown,quadruped,sprites/0020.png
21,spearow,normal,flying,brown,wings,sprites/0021.png
22,fearow,normal,flying,brown,wings,sprites/0022.png
23,ekans,poison,,purple,squiggle,sprites/0023.png
24,arbok,poison,,purple,squiggle,sprites/0024.png
25,pikachu,electric,,yellow,quadruped,sprites/0025.png
26,raichu,electric,,yellow,upright,sprites/0026.png
27,sandshrew,ground,,yellow,upright,sprites/0027.png
28,sandslash,ground,,yellow,upright,sprites/0028.png
29,nidoran-f,poison,,blue,quadruped,sprites/0029.png
30,nidorina,poison,,blue,quadruped,sprites/0030.png
31,nidoqueen,poison,ground,blue,upright,sprites/0031.png
32,nidoran-m,poison,,purple,quadruped,sprites/0032.png
33,nidorino,poison,,purple,quadruped,sprites/0033.png
34,nidoking,poison,ground,purple,upright,sprites/0034.png
35,clefairy,fairy,,pink,upright,sprites/0035.png
36,clefable,fairy,,pink,upright,sprites/0036.png
37,vulpix,fire,,brown,quadruped,sprites/0037.png
38,ninetales,fire,,yellow,quadruped,sprites/0038.png
39,jigglypuff,normal,fairy,pink,humanoid,sprites/0039.png
40,wigglytuff,normal,fairy,pink,humanoid,sprites/0040.png
41,zubat,poison,flying,purple,wings,sprites/0041.png
42,golbat,poison,flying,purple,wings,sprites/0042.png
43,oddish,grass,poison,blue,legs,sprites/0043.png
44,gloom,grass,poison,blue,humanoid,sprites/0044.png
45,vileplume,grass,poison,red,humanoid,sprites/0045.png
46,paras,bug,grass,red,armor,sprites/0046.png
47,parasect,bug,grass,red,armor,sprites/0047.png
48,venonat,bug,poison,purple,humanoid,sprites/0048.png
49,venomoth,bug,poison,purple,bug-wings,sprites/0049.png
50,diglett,ground,,brown,blob,sprites/0050.png
51,dugtrio,ground,,brown,heads,sprites/0051.png
52,meowth,normal,,yellow,quadruped,sprites/0052.png
53,persian,normal,,yellow,quadruped,sprites/0053.png
54,psyduck,water,,yellow,upright,sprites/0054.png
55,golduck,water,,blue,upright,sprites/0055.png
56,mankey,fighting,,brown,upright,sprites/0056.png
57,primeape,fighting,,brown,upright,sprites/0057.png
58,growlithe,fire,,brown,quadruped,sprites/0058.png
59,arcanine,fire,,brown,quadruped,sprites/0059.png
60,poliwag,water,,blue,legs,sprites/0060.png
61,poliwhirl,water,,blue,humanoid,sprites/0061.png
62,poliwrath,water,fighting,blue,humanoid,sprites/0062.png
63,abra,psychic,,brown,upright,sprites/0063.png
64,kadabra,psychic,,brown,upright,sprites/0064.png
65,alakazam,psychic,,brown,humanoid,sprites/0065.png
66,machop,fighting,,gray,upright,sprites/0066.png
67,machoke,fighting,,gray,humanoid,sprites/0067.png
68,machamp,fighting,,gray,humanoid,sprites/0068.png
69,bellsprout,grass,poison,green,humanoid,sprites/0069.png
70,weepinbell,grass,poison,green,blob,sprites/0070.png
71,victreebel,grass,poison,green,blob,sprites/0071.png
72,tentacool,water,poison,blue,tentacles,sprites/0072.png
73,tentacruel,water,poison,blue,tentacles,sprites/0073.png
74,geodude,rock,ground,brown,arms,sprites/0074.png
75,graveler,rock,ground,brown,humanoid,sprites/0075.png
76,golem,rock,ground,brown,humanoid,sprites/0076.png
77,ponyta,fire,,yellow,quadruped,sprites/0077.png
78,rapidash,fire,,yellow,quadruped,sprites/0078.png
79,slowpoke,water,psychic,pink,quadruped,sprites/0079.png
80,slowbro,water,psychic,pink,upright,sprites/0080.png
81,magnemite,electric,steel,gray,arms,sprites/0081.png
82,magneton,electric,steel,gray,heads,sprites/0082.png
83,farfetchd,normal,flying,brown,wings,sprites/0083.png
84,doduo,normal,flying,brown,legs,sprites/0084.png
85,dodrio,normal,flying,brown,legs,sprites/0085.png
86,seel,water,,white,fish,sprites/0086.png
87,dewgong,water,ice,white,fish,sprites/0087.png
88,grimer,poison,,purple,arms,sprites/0088.png
89,muk,poison,,purple,arms,sprites/0089.png
90,shellder,water,,purple,ball,sprites/0090.png
91,cloyster,water,ice,purple,ball,sprites/0091.png
92,gastly,ghost,poison,purple,ball,sprites/0092.png
93,haunter,ghost,poison,purple,arms,sprites/0093.png
94,gengar,ghost,poison,purple,upright,sprites/0094.png
95,onix,rock,ground,gray,squiggle,sprites/0095.png
96,drowzee,psychic,,yellow,humanoid,sprites/0096.png
97,hypno,psychic,,yellow,humanoid,sprites/0097.png
98,krabby,water,,red,armor,sprites/0098.png
99,kingler,water,,red,armor,sprites/0099.png
100,voltorb,electric,,red,ball,sprites/0100.png
101,electrode,electric,,red,ball,sprites/0101.png
102,exeggcute,grass,psychic,pink,heads,sprites/0102.png
103,exeggutor,grass,psychic,yellow,legs,sprites/0103.png
104,cubone,ground,,brown,upright,sprites/0104.png
105,marowak,ground,,brown,upright,sprites/0105.png
106,hitmonlee,fighting,,brown,humanoid,sprites/0106.png
107,hitmonchan,fighting,,brown,humanoid,sprites/0107.png
108,lickitung,normal,,pink,upright,sprites/0108.png
109,koffing,poison,,purple,ball,sprites/0109.png
110,weezing,poison,,purple,heads,sprites/0110.png
111,rhyhorn,ground,rock,gray,quadruped,sprites/0111.png
112,rhydon,ground,rock,gray,upright,sprites/0112.png
113,chansey,normal,,pink,upright,sprites/0113.png
114,tangela,grass,,blue,legs,sprites/0114.png
115,kangaskhan,normal,,brown,upright,sprites/0115.png
116,horsea,water,,blue,blob,sprites/0116.png
117,seadra,water,,blue,blob,sprites/0117.png
118,goldeen,water,,red,fish,sprites/0118.png
119,seaking,water,,red,fish,sprites/0119.png
120,staryu,water,,brown,blob,sprites/0120.png
121,starmie,water,psychic,purple,blob,sprites/0121.png
122,mr-mime,psychic,fairy,pink,humanoid,sprites/0122.png
123,scyther,bug,flying,green,bug-wings,sprites/0123.png
124,jynx,ice,psychic,red,humanoid,sprites/0124.png
125,electabuzz,electric,,yellow,upright,sprites/0125.png
126,magmar,fire,,red,upright,sprites/0126.png
127,pinsir,bug,,brown,humanoid,sprites/0127.png
128,tauros,normal,,brown,quadruped,sprites/0128.png
129,magikarp,water,,red,fish,sprites/0129.png
130,gyarados,water,flying,blue,squiggle,sprites/0130.png
131,lapras,water,ice,blue,fish,sprites/0131.png
132,ditto,normal,,purple,ball,sprites/0132.png
133,eevee,normal,,brown,quadruped,sprites/0133.png
134,vaporeon,water,,blue,quadruped,sprites/0134.png
135,jolteon,electric,,yellow,quadruped,sprites/0135.png
136,flareon,fire,,red,quadruped,sprites/0136.png
137,porygon,normal,,pink,legs,sprites/0137.png
138,omanyte,rock,water,blue,tentacles,sprites/0138.png
139,omastar,rock,water,blue,tentacles,sprites/0139.png
140,kabuto,rock,water,brown,armor,sprites/0140.png
141,kabutops,rock,water,brown,upright,sprites/0141.png
142,aerodactyl,rock,flying,purple,wings,sprites/0142.png
143,snorlax,normal,,black,humanoid,sprites/0143.png
144,articuno,ice,flying,blue,wings,sprites/0144.png
145,zapdos,electric,flying,yellow,wings,sprites/0145.png
146,moltres,fire,flying,yellow,wings,sprites/0146.png
147,dratini,dragon,,blue,squiggle,sprites/0147.png
148,dragonair,dragon,,blue,squiggle,sprites/0148.png
149,dragonite,dragon,flying,brown,upright,sprites/0149.png
150,mewtwo,psychic,,purple,upright,sprites/0150.png
151,mew,psychic,,pink,upright,sprites/0151.png
152,chikorita,grass,,green,quadruped,sprites/0152.png
153,bayleef,grass,,green,quadruped,sprites/0153.png
154,meganium,grass,,green,quadruped,sprites/0154.png
155,cyndaquil,fire,,yellow,humanoid,sprites/0155.png
156,quilava,fire,,yellow,quadruped,sprites/0156.png
157,typhlosion,fire,,yellow,quadruped,sprites/0157.png
158,totodile,water,,blue,upright,sprites/0158.png
159,croconaw,water,,blue,upright,sprites/0159.png
160,feraligatr,water,,blue,upright,sprites/0160.png
161,sentret,normal,,brown,quadruped,sprites/0161.png
162,furret,normal,,brown,quadruped,sprites/0162.png
163,hoothoot,normal,flying,brown,wings,sprites/0163.png
164,noctowl,normal,flying,brown,wings,sprites/0164.png
165,ledyba,bug,flying,red,wings,sprites/0165.png
166,ledian,bug,flying,red,wings,sprites/0166.png
167,spinarak,bug,poison,green,armor,sprites/0167.png
168,ariados,bug,poison,red,armor,sprites/0168.png
169,crobat,poison,flying,purple,bug-wings,sprites/0169.png
170,chinchou,water,electric,blue,fish,sprites/0170.png
171,lanturn,water,electric,blue,fish,sprites/0171.png
172,pichu,electric,,yellow,quadruped,sprites/0172.png
173,cleffa,fairy,,pink,upright,sprites/0173.png
174,igglybuff,normal,fairy,pink,humanoid,sprites/0174.png
175,togepi,fairy,,white,humanoid,sprites/0175.png
176,togetic,fairy,flying,white,humanoid,sprites/0176.png
177,natu,psychic,flying,green,wings,sprites/0177.png
178,xatu,psychic,flying,green,wings,sprites/0178.png
179,mareep,electric,,white,quadruped,sprites/0179.png
180,flaaffy,electric,,pink,upright,sprites/0180.png
181,ampharos,electric,,yellow,upright,sprites/0181.png
182,bellossom,grass,,green,humanoid,sprites/0182.png
183,marill,water,fairy,blue,upright,sprites/0183.png
184,azumarill,water,fairy,blue,upright,sprites/0184.png
185,sudowoodo,rock,,brown,humanoid,sprites/0185.png
186,politoed,water,,green,humanoid,sprites/0186.png
187,hoppip,grass,flying,pink,upright,sprites/0187.png
188,skiploom,grass,flying,green,upright,sprites/0188.png
189,jumpluff,grass,flying,blue,upright,sprites/0189.png
190,aipom,normal,,purple,upright,sprites/0190.png
191,sunkern,grass,,yellow,ball,sprites/0191.png
192,sunflora,grass,,yellow,humanoid,sprites/0192.png
193,yanma,bug,flying,red,bug-wings,sprites/0193.png
194,wooper,water,ground,blue,legs,sprites/0194.png
195,quagsire,water,ground,blue,upright,sprites/0195.png
196,espeon,psychic,,purple,quadruped,sprites/0196.png
197,umbreon,dark,,black,quadruped,sprites/0197.png
198,murkrow,dark,flying,black,wings,sprites/0198.png
199,slowking,water,psychic,pink,upright,sprites/0199.png
200,misdreavus,ghost,,gray,ball,sprites/0200.png
201,unown,psychic,,black,ball,sprites/0201.png
202,wobbuffet,psychic,,blue,blob,sprites/0202.png
203,girafarig,normal,psychic,yellow,quadruped,sprites/0203.png
204,pineco,bug,,gray,ball,sprites/0204.png
205,forretress,bug,steel,purple,ball,sprites/0205.png
206,dunsparce,normal,,yellow,squiggle,sprites/0206.png
207,gligar,ground,flying,purple,wings,sprites/0207.png
208,steelix,steel,ground,gray,squiggle,sprites/0208.png
209,snubbull,fairy,,pink,humanoid,sprites/0209.png
210,granbull,fairy,,purple,upright,sprites/0210.png
211,qwilfish,water,poison,gray,fish,sprites/0211.png
212,scizor,bug,steel,red,bug-wings,sprites/0212.png
213,shuckle,bug,rock,yellow,armor,sprites/0213.png
214,heracross,bug,fighting,blue,humanoid,sprites/0214.png
215,sneasel,dark,ice,black,upright,sprites/0215.png
216,teddiursa,normal,,brown,upright,sprites/0216.png
217,ursaring,normal,,brown,upright,sprites/0217.png
218,slugma,fire,,red,squiggle,sprites/0218.png
219,magcargo,fire,rock,red,squiggle,sprites/0219.png
220,swinub,ice,ground,brown,quadruped,sprites/0220.png
221,piloswine,ice,ground,brown,quadruped,sprites/0221.png
222,corsola,water,rock,pink,armor,sprites/0222.png
223,remoraid,water,,gray,fish,sprites/0223.png
224,octillery,water,,red,tentacles,sprites/0224.png
225,delibird,ice,flying,red,wings,sprites/0225.png
226,mantine,water,flying,purple,wings,sprites/0226.png
227,skarmory,steel,flying,gray,wings,sprites/0227.png
228,houndour,dark,fire,black,quadruped,sprites/0228.png
229,houndoom,dark,fire,black,quadruped,sprites/0229.png
230,kingdra,water,dragon,blue,blob,sprites/0230.png
231,phanpy,ground,,blue,quadruped,sprites/0231.png
232,donphan,ground,,gray,quadruped,sprites/0232.png
233,porygon2,normal,,red,legs,sprites/0233.png
234,stantler,normal,,brown,quadruped,sprites/0234.png
235,smeargle,normal,,white,upright,sprites/0235.png
236,tyrogue,fighting,,purple,humanoid,sprites/0236.png
237,hitmontop,fighting,,brown,upright,sprites/0237.png
238,smoochum,ice,psychic,pink,humanoid,sprites/0238.png
239,elekid,electric,,yellow,humanoid,sprites/0239.png
240,magby,fire,,red,upright,sprites/0240.png
241,miltank,normal,,pink,upright,sprites/0241.png
242,blissey,normal,,pink,humanoid,sprites/0242.png
243,raikou,electric,,yellow,quadruped,sprites/0243.png
244,entei,fire,,brown,quadruped,sprites/0244.png
245,suicune,water,,blue,quadruped,sprites/0245.png
246,larvitar,rock,ground,green,upright,sprites/0246.png
247,pupitar,rock,ground,gray,squiggle,sprites/0247.png
248,tyranitar,rock,dark,green,upright,sprites/0248.png
249,lugia,psychic,flying,white,wings,sprites/0249.png
250,ho-oh,fire,flying,red,wings,sprites/0250.png
251,celebi,psychic,grass,green,humanoid,sprites/0251.png
252,treecko,grass,,green,upright,sprites/0252.png
253,grovyle,grass,,green,upright,sprites/0253.png
254,sceptile,grass,,green,upright,sprites/0254.png
255,torchic,fire,,red,legs,sprites/0255.png
256,combusken,fire,fighting,red,upright,sprites/0256.png
257,blaziken,fire,fighting,red,upright,sprites/0257.png
258,mudkip,water,,blue,quadruped,sprites/0258.png
259,marshtomp,water,ground,blue,upright,sprites/0259.png
260,swampert,water,ground,blue,upright,sprites/0260.png
261,poochyena,dark,,gray,quadruped,sprites/0261.png
262,mightyena,dark,,gray,quadruped,sprites/0262.png
263,zigzagoon,normal,,brown,quadruped,sprites/0263.png
264,linoone,normal,,white,quadruped,sprites/0264.png
265,wurmple,bug,,red,armor,sprites/0265.png
266,silcoon,bug,,white,ball,sprites/0266.png
267,beautifly,bug,flying,yellow,bug-wings,sprites/0267.png
268,cascoon,bug,,purple,ball,sprites/0268.png
269,dustox,bug,poison,green,bug-wings,sprites/0269.png
270,lotad,water,grass,green,armor,sprites/0270.png
271,lombre,water,grass,green,humanoid,sprites/0271.png
272,ludicolo,water,grass,green,humanoid,sprites/0272.png
273,seedot,grass,,brown,legs,sprites/0273.png
274,nuzleaf,grass,dark,brown,humanoid,sprites/0274.png
275,shiftry,grass,dark,brown,humanoid,sprites/0275.png
276,taillow,normal,flying,blue,wings,sprites/0276.png
277,swellow,normal,flying,blue,wings,sprites/0277.png
278,wingull,water,flying,white,wings,sprites/0278.png
279,pelipper,water,flying,yellow,wings,sprites/0279.png
280,ralts,psychic,fairy,white,humanoid,sprites/0280.png
281,kirlia,psychic,fairy,white,humanoid,sprites/0281.png
282,gardevoir,psychic,fairy,white,humanoid,sprites/0282.png
283,surskit,bug,water,blue,armor,sprites/0283.png
284,masquerain,bug,flying,blue,bug-wings,sprites/0284.png
285,shroomish,grass,,brown,legs,sprites/0285.png
286,breloom,grass,fighting,green,upright,sprites/0286.png
287,slakoth,normal,,brown,quadruped,sprites/0287.png
288,vigoroth,normal,,white,upright,sprites/0288.png
289,slaking,normal,,brown,humanoid,sprites/0289.png
290,nincada,bug,ground,gray,armor,sprites/0290.png
291,ninjask,bug,flying,yellow,bug-wings,sprites/0291.png
292,shedinja,bug,ghost,brown,blob,sprites/0292.png
293,whismur,normal,,pink,upright,sprites/0293.png
294,loudred,normal,,blue,upright,sprites/0294.png
295,exploud,normal,,blue,upright,sprites/0295.png
296,makuhita,fighting,,yellow,humanoid,sprites/0296.png
297,hariyama,fighting,,brown,humanoid,sprites/0297.png
298,azurill,normal,fairy,blue,legs,sprites/0298.png
299,nosepass,rock,,gray,humanoid,sprites/0299.png
300,skitty,normal,,pink,quadruped,sprites/0300.png
301,delcatty,normal,,purple,quadruped,sprites/0301.png
302,sableye,dark,ghost,purple,humanoid,sprites/0302.png
303,mawile,steel,fairy,black,humanoid,sprites/0303.png
304,aron,steel,rock,gray,quadruped,sprites/0304.png
305,lairon,steel,rock,gray,quadruped,sprites/0305.png
306,aggron,steel,rock,gray,upright,sprites/0306.png
307,meditite,fighting,psychic,blue,humanoid,sprites/0307.png
308,medicham,fighting,psychic,red,humanoid,sprites/0308.png
309,electrike,electric,,green,quadruped,sprites/0309.png
310,manectric,electric,,yellow,quadruped,sprites/0310.png
311,plusle,electric,,yellow,upright,sprites/0311.png
312,minun,electric,,yellow,upright,sprites/0312.png
313,volbeat,bug,,gray,upright,sprites/0313.png
314,illumise,bug,,purple,humanoid,sprites/0314.png
315,roselia,grass,poison,green,humanoid,sprites/0315.png
316,gulpin,poison,,green,arms,sprites/0316.png
317,swalot,poison,,purple,arms,sprites/0317.png
318,carvanha,water,dark,red,fish,sprites/0318.png
319,sharpedo,water,dark,blue,fish,sprites/0319.png
320,wailmer,water,,blue,fish,sprites/0320.png
321,wailord,water,,blue,fish,sprites/0321.png
322,numel,fire,ground,yellow,quadruped,sprites/0322.png
323,camerupt,fire,ground,red,quadruped,sprites/0323.png
324,torkoal,fire,,brown,quadruped,sprites/0324.png
325,spoink,psychic,,black,arms,sprites/0325.png
326,grumpig,psychic,,purple,upright,sprites/0326.png
327,spinda,normal,,brown,upright,sprites/0327.png
328,trapinch,ground,,brown,armor,sprites/0328.png
329,vibrava,ground,dragon,green,bug-wings,sprites/0329.png
330,flygon,ground,dragon,green,wings,sprites/0330.png
331,cacnea,grass,,green,humanoid,sprites/0331.png
332,cacturne,grass,dark,green,humanoid,sprites/0332.png
333,swablu,normal,flying,blue,wings,sprites/0333.png
334,altaria,dragon,flying,blue,wings,sprites/0334.png
335,zangoose,normal,,white,upright,sprites/0335.png
336,seviper,poison,,black,squiggle,sprites/0336.png
337,lunatone,rock,psychic,yellow,ball,sprites/0337.png
338,solrock,rock,psychic,red,ball,sprites/0338.png
339,barboach,water,ground,gray,fish,sprites/0339.png
340,whiscash,water,ground,blue,fish,sprites/0340.png
341,corphish,water,,red,armor,sprites/0341.png
342,crawdaunt,water,dark,red,armor,sprites/0342.png
343,baltoy,ground,psychic,brown,arms,sprites/0343.png
344,claydol,ground,psychic,black,arms,sprites/0344.png
345,lileep,rock,grass,purple,blob,sprites/0345.png
346,cradily,rock,grass,green,blob,sprites/0346.png
347,anorith,rock,bug,gray,armor,sprites/0347.png
348,armaldo,rock,bug,gray,upright,sprites/0348.png
349,feebas,water,,brown,fish,sprites/0349.png
350,milotic,water,,pink,squiggle,sprites/0350.png
351,castform,normal,,gray,ball,sprites/0351.png
352,kecleon,normal,,green,upright,sprites/0352.png
353,shuppet,ghost,,black,ball,sprites/0353.png
354,banette,ghost,,black,upright,sprites/0354.png
355,duskull,ghost,,black,arms,sprites/0355.png
356,dusclops,ghost,,black,humanoid,sprites/0356.png
357,tropius,grass,flying,green,quadruped,sprites/0357.png
358,chimecho,psychic,,blue,arms,sprites/0358.png
359,absol,dark,,white,quadruped,sprites/0359.png
360,wynaut,psychic,,blue,upright,sprites/0360.png
361,snorunt,ice,,gray,humanoid,sprites/0361.png
362,glalie,ice,,gray,ball,sprites/0362.png
363,spheal,ice,water,blue,fish,sprites/0363.png
364,sealeo,ice,water,blue,fish,sprites/0364.png
365,walrein,ice,water,blue,quadruped,sprites/0365.png
366,clamperl,water,,blue,ball,sprites/0366.png
367,huntail,water,,blue,squiggle,sprites/0367.png
368,gorebyss,water,,pink,squiggle,sprites/0368.png
369,relicanth,water,rock,gray,fish,sprites/0369.png
370,luvdisc,water,,pink,fish,sprites/0370.png
371,bagon,dragon,,blue,humanoid,sprites/0371.png
372,shelgon,dragon,,white,quadruped,sprites/0372.png
373,salamence,dragon,flying,blue,quadruped,sprites/0373.png
374,beldum,steel,psychic,blue,blob,sprites/0374.png
375,metang,steel,psychic,blue,arms,sprites/0375.png
376,metagross,steel,psychic,blue,heads,sprites/0376.png
377,regirock,rock,,brown,humanoid,sprites/0377.png
378,regice,ice,,blue,humanoid,sprites/0378.png
379,registeel,steel,,gray,humanoid,sprites/0379.png
380,latias,dragon,psychic,red,wings,sprites/0380.png
381,latios,dragon,psychic,blue,wings,sprites/0381.png
382,kyogre,water,,blue,fish,sprites/0382.png
383,groudon,ground,,red,upright,sprites/0383.png
384,rayquaza,dragon,flying,green,squiggle,sprites/0384.png
385,jirachi,steel,psychic,yellow,humanoid,sprites/0385.png
386,deoxys-normal,psychic,,red,humanoid,sprites/0386.png
387,turtwig,grass,,green,quadruped,sprites/0387.png
388,grotle,grass,,green,quadruped,sprites/0388.png
389,torterra,grass,ground,green,quadruped,sprites/0389.png
390,chimchar,fire,,brown,upright,sprites/0390.png
391,monferno,fire,fighting,brown,upright,sprites/0391.png
392,infernape,fire,fighting,brown,upright,sprites/0392.png
393,piplup,water,,blue,humanoid,sprites/0393.png
394,prinplup,water,,blue,upright,sprites/0394.png
395,empoleon,water,steel,blue,upright,sprites/0395.png
396,starly,normal,flying,brown,wings,sprites/0396.png
397,staravia,normal,flying,brown,wings,sprites/0397.png
398,staraptor,normal,flying,brown,wings,sprites/0398.png
399,bidoof,normal,,brown,quadruped,sprites/0399.png
400,bibarel,normal,water,brown,upright,sprites/0400.png
401,kricketot,bug,,red,humanoid,sprites/0401.png
402,kricketune,bug,,red,bug-wings,sprites/0402.png
403,shinx,electric,,blue,quadruped,sprites/0403.png
404,luxio,electric,,blue,quadruped,sprites/0404.png
405,luxray,electric,,blue,quadruped,sprites/0405.png
406,budew,grass,poison,green,humanoid,sprites/0406.png
407,roserade,grass,poison,green,humanoid,sprites/0407.png
408,cranidos,rock,,blue,upright,sprites/0408.png
409,rampardos,rock,,blue,upright,sprites/0409.png
410,shieldon,rock,steel,gray,quadruped,sprites/0410.png
411,bastiodon,rock,steel,gray,quadruped,sprites/0411.png
412,burmy,bug,,green,blob,sprites/0412.png
413,wormadam-plant,bug,grass,green,blob,sprites/0413.png
414,mothim,bug,flying,yellow,bug-wings,sprites/0414.png
415,combee,bug,flying,yellow,heads,sprites/0415.png
416,vespiquen,bug,flying,yellow,bug-wings,sprites/0416.png
417,pachirisu,electric,,white,quadruped,sprites/0417.png
418,buizel,water,,brown,quadruped,sprites/0418.png
419,floatzel,water,,brown,quadruped,sprites/0419.png
420,cherubi,grass,,pink,heads,sprites/0420.png
421,cherrim,grass,,purple,legs,sprites/0421.png
422,shellos,water,,purple,squiggle,sprites/0422.png
423,gastrodon,water,ground,purple,squiggle,sprites/0423.png
424,ambipom,normal,,purple,upright,sprites/0424.png
425,drifloon,ghost,flying,purple,arms,sprites/0425.png
426,drifblim,ghost,flying,purple,arms,sprites/0426.png
427,buneary,normal,,brown,upright,sprites/0427.png
428,lopunny,normal,,brown,upright,sprites/0428.png
429,mismagius,ghost,,purple,ball,sprites/0429.png
430,honchkrow,dark,flying,black,wings,sprites/0430.png
431,glameow,normal,,gray,quadruped,sprites/0431.png
432,purugly,normal,,gray,quadruped,sprites/0432.png
433,chingling,psychic,,yellow,humanoid,sprites/0433.png
434,stunky,poison,dark,purple,quadruped,sprites/0434.png
435,skuntank,poison,dark,purple,quadruped,sprites/0435.png
436,bronzor,steel,psychic,green,ball,sprites/0436.png
437,bronzong,steel,psychic,green,arms,sprites/0437.png
438,bonsly,rock,,brown,legs,sprites/0438.png
439,mime-jr,psychic,fairy,pink,humanoid,sprites/0439.png
440,happiny,normal,,pink,humanoid,sprites/0440.png
441,chatot,normal,flying,black,wings,sprites/0441.png
442,spiritomb,ghost,dark,purple,blob,sprites/0442.png
443,gible,dragon,ground,blue,upright,sprites/0443.png
444,gabite,dragon,ground,blue,upright,sprites/0444.png
445,garchomp,dragon,ground,blue,upright,sprites/0445.png
446,munchlax,normal,,black,humanoid,sprites/0446.png
447,riolu,fighting,,blue,upright,sprites/0447.png
448,lucario,fighting,steel,blue,upright,sprites/0448.png
449,hippopotas,ground,,brown,quadruped,sprites/0449.png
450,hippowdon,ground,,brown,quadruped,sprites/0450.png
451,skorupi,poison,bug,purple,armor,sprites/0451.png
452,drapion,poison,dark,purple,armor,sprites/0452.png
453,croagunk,poison,fighting,blue,humanoid,sprites/0453.png
454,toxicroak,poison,fighting,blue,humanoid,sprites/0454.png
455,carnivine,grass,,green,tentacles,sprites/0455.png
456,finneon,water,,blue,fish,sprites/0456.png
457,lumineon,water,,blue,fish,sprites/0457.png
458,mantyke,water,flying,blue,wings,sprites/0458.png
459,snover,grass,ice,white,upright,sprites/0459.png
460,abomasnow,grass,ice,white,upright,sprites/0460.png
461,weavile,dark,ice,black,upright,sprites/0461.png
462,magnezone,electric,steel,gray,arms,sprites/0462.png
463,lickilicky,normal,,pink,humanoid,sprites/0463.png
464,rhyperior,ground,rock,gray,upright,sprites/0464.png
465,tangrowth,grass,,blue,humanoid,sprites/0465.png
466,electivire,electric,,yellow,upright,sprites/0466.png
467,magmortar,fire,,red,upright,sprites/0467.png
468,togekiss,fairy,flying,white,wings,sprites/0468.png
469,yanmega,bug,flying,green,bug-wings,sprites/0469.png
470,leafeon,grass,,green,quadruped,sprites/0470.png
471,glaceon,ice,,blue,quadruped,sprites/0471.png
472,gliscor,ground,flying,purple,wings,sprites/0472.png
473,mamoswine,ice,ground,brown,quadruped,sprites/0473.png
474,porygon-z,normal,,red,arms,sprites/0474.png
475,gallade,psychic,fighting,white,humanoid,sprites/0475.png
476,probopass,rock,steel,gray,heads,sprites/0476.png
477,dusknoir,ghost,,black,arms,sprites/0477.png
478,froslass,ice,ghost,white,arms,sprites/0478.png
479,rotom,electric,ghost,red,ball,sprites/0479.png
480,uxie,psychic,,yellow,upright,sprites/0480.png
481,mesprit,psychic,,pink,upright,sprites/0481.png
482,azelf,psychic,,blue,upright,sprites/0482.png
483,dialga,steel,dragon,white,quadruped,sprites/0483.png
484,palkia,water,dragon,purple,upright,sprites/0484.png
485,heatran,fire,steel,brown,quadruped,sprites/0485.png
486,regigigas,normal,,white,humanoid,sprites/0486.png
487,giratina-altered,ghost,dragon,black,tentacles,sprites/0487.png
488,cresselia,psychic,,yellow,squiggle,sprites/0488.png
489,phione,water,,blue,arms,sprites/0489.png
490,manaphy,water,,blue,humanoid,sprites/0490.png
491,darkrai,dark,,black,humanoid,sprites/0491.png
492,shaymin-land,grass,,green,quadruped,sprites/0492.png
493,arceus,normal,,white,quadruped,sprites/0493.png
494,victini,psychic,fire,yellow,humanoid,sprites/0494.png
495,snivy,grass,,green,upright,sprites/0495.png
496,servine,grass,,green,upright,sprites/0496.png
497,serperior,grass,,green,squiggle,sprites/0497.png
498,tepig,fire,,red,quadruped,sprites/0498.png
499,pignite,fire,fighting,red,upright,sprites/0499.png
500,emboar,fire,fighting,red,upright,sprites/0500.png
501,oshawott,water,,blue,upright,sprites/0501.png
502,dewott,water,,blue,upright,sprites/0502.png
503,samurott,water,,blue,quadruped,sprites/0503.png
504,patrat,normal,,brown,quadruped,sprites/0504.png
505,watchog,normal,,brown,upright,sprites/0505.png
506,lillipup,normal,,brown,quadruped,sprites/0506.png
507,herdier,normal,,gray,quadruped,sprites/0507.png
508,stoutland,normal,,gray,quadruped,sprites/0508.png
509,purrloin,dark,,purple,quadruped,sprites/0509.png
510,liepard,dark,,purple,quadruped,sprites/0510.png
511,pansage,grass,,green,upright,sprites/0511.png
512,simisage,grass,,green,upright,sprites/0512.png
513,pansear,fire,,red,upright,sprites/0513.png
514,simisear,fire,,red,upright,sprites/0514.png
515,panpour,water,,blue,upright,sprites/0515.png
516,simipour,water,,blue,upright,sprites/0516.png
517,munna,psychic,,pink,quadruped,sprites/0517.png
518,musharna,psychic,,pink,humanoid,sprites/0518.png
519,pidove,normal,flying,gray,wings,sprites/0519.png
520,tranquill,normal,flying,gray,wings,sprites/0520.png
521,unfezant,normal,flying,gray,wings,sprites/0521.png
522,blitzle,electric,,black,quadruped,sprites/0522.png
523,zebstrika,electric,,black,quadruped,sprites/0523.png
524,roggenrola,rock,,blue,legs,sprites/0524.png
525,boldore,rock,,blue,tentacles,sprites/0525.png
526,gigalith,rock,,blue,tentacles,sprites/0526.png
527,woobat,psychic,flying,blue,wings,sprites/0527.png
528,swoobat,psychic,flying,blue,wings,sprites/0528.png
529,drilbur,ground,,gray,upright,sprites/0529.png
530,excadrill,ground,steel,gray,humanoid,sprites/0530.png
531,audino,normal,,pink,upright,sprites/0531.png
532,timburr,fighting,,gray,humanoid,sprites/0532.png
533,gurdurr,fighting,,gray,humanoid,sprites/0533.png
534,conkeldurr,fighting,,brown,humanoid,sprites/0534.png
535,tympole,water,,blue,fish,sprites/0535.png
536,palpitoad,water,ground,blue,upright,sprites/0536.png
537,seismitoad,water,ground,blue,humanoid,sprites/0537.png
538,throh,fighting,,red,humanoid,sprites/0538.png
539,sawk,fighting,,blue,humanoid,sprites/0539.png
540,sewaddle,bug,grass,yellow,armor,sprites/0540.png
541,swadloon,bug,grass,green,arms,sprites/0541.png
542,leavanny,bug,grass,yellow,humanoid,sprites/0542.png
543,venipede,bug,poison,red,armor,sprites/0543.png
544,whirlipede,bug,poison,gray,ball,sprites/0544.png
545,scolipede,bug,poison,red,armor,sprites/0545.png
546,cottonee,grass,fairy,green,ball,sprites/0546.png
547,whimsicott,grass,fairy,green,humanoid,sprites/0547.png
548,petilil,grass,,green,blob,sprites/0548.png
549,lilligant,grass,,green,blob,sprites/0549.png
550,basculin-red-striped,water,,green,fish,sprites/0550.png
551,sandile,ground,dark,brown,quadruped,sprites/0551.png
552,krokorok,ground,dark,brown,quadruped,sprites/0552.png
553,krookodile,ground,dark,red,upright,sprites/0553.png
554,darumaka,fire,,red,humanoid,sprites/0554.png
555,darmanitan-standard,fire,,red,quadruped,sprites/0555.png
556,maractus,grass,,green,blob,sprites/0556.png
557,dwebble,bug,rock,red,armor,sprites/0557.png
558,crustle,bug,rock,red,armor,sprites/0558.png
559,scraggy,dark,fighting,yellow,upright,sprites/0559.png
560,scrafty,dark,fighting,red,upright,sprites/0560.png
561,sigilyph,psychic,flying,black,wings,sprites/0561.png
562,yamask,ghost,,black,arms,sprites/0562.png
563,cofagrigus,ghost,,yellow,blob,sprites/0563.png
564,tirtouga,water,rock,blue,quadruped,sprites/0564.png
565,carracosta,water,rock,blue,upright,sprites/0565.png
566,archen,rock,flying,yellow,wings,sprites/0566.png
567,archeops,rock,flying,yellow,wings,sprites/0567.png
568,trubbish,poison,,green,humanoid,sprites/0568.png
569,garbodor,poison,,green,humanoid,sprites/0569.png
570,zorua,dark,,gray,quadruped,sprites/0570.png
571,zoroark,dark,,gray,upright,sprites/0571.png
572,minccino,normal,,gray,quadruped,sprites/0572.png
573,cinccino,normal,,gray,quadruped,sprites/0573.png
574,gothita,psychic,,purple,humanoid,sprites/0574.png
575,gothorita,psychic,,purple,humanoid,sprites/0575.png
576,gothitelle,psychic,,purple,humanoid,sprites/0576.png
577,solosis,psychic,,green,ball,sprites/0577.png
578,duosion,psychic,,green,ball,sprites/0578.png
579,reuniclus,psychic,,green,arms,sprites/0579.png
580,ducklett,water,flying,blue,wings,sprites/0580.png
581,swanna,water,flying,white,wings,sprites/0581.png
582,vanillite,ice,,white,blob,sprites/0582.png
583,vanillish,ice,,white,blob,sprites/0583.png
584,vanilluxe,ice,,white,heads,sprites/0584.png
585,deerling,normal,grass,pink,quadruped,sprites/0585.png
586,sawsbuck,normal,grass,brown,quadruped,sprites/0586.png
587,emolga,electric,flying,white,quadruped,sprites/0587.png
588,karrablast,bug,,blue,humanoid,sprites/0588.png
589,escavalier,bug,steel,gray,arms,sprites/0589.png
590,foongus,grass,poison,white,arms,sprites/0590.png
591,amoonguss,grass,poison,white,arms,sprites/0591.png
592,frillish-male,water,ghost,white,tentacles,sprites/0592.png
593,jellicent-male,water,ghost,white,tentacles,sprites/0593.png
594,alomomola,water,,pink,fish,sprites/0594.png
595,joltik,bug,electric,yellow,armor,sprites/0595.png
596,galvantula,bug,electric,yellow,armor,sprites/0596.png
597,ferroseed,grass,steel,gray,ball,sprites/0597.png
598,ferrothorn,grass,steel,gray,tentacles,sprites/0598.png
599,klink,steel,,gray,heads,sprites/0599.png
600,klang,steel,,gray,heads,sprites/0600.png
601,klinklang,steel,,gray,heads,sprites/0601.png
602,tynamo,electric,,white,fish,sprites/0602.png
603,eelektrik,electric,,blue,fish,sprites/0603.png
604,eelektross,electric,,blue,fish,sprites/0604.png
605,elgyem,psychic,,blue,upright,sprites/0605.png
606,beheeyem,psychic,,brown,humanoid,sprites/0606.png
607,litwick,ghost,fire,white,blob,sprites/0607.png
608,lampent,ghost,fire,black,arms,sprites/0608.png
609,chandelure,ghost,fire,black,arms,sprites/0609.png
610,axew,dragon,,green,upright,sprites/0610.png
611,fraxure,dragon,,green,upright,sprites/0611.png
612,haxorus,dragon,,yellow,upright,sprites/0612.png
613,cubchoo,ice,,white,upright,sprites/0613.png
614,beartic,ice,,white,quadruped,sprites/0614.png
615,cryogonal,ice,,blue,ball,sprites/0615.png
616,shelmet,bug,,red,ball,sprites/0616.png
617,accelgor,bug,,red,arms,sprites/0617.png
618,stunfisk,ground,electric,brown,fish,sprites/0618.png
619,mienfoo,fighting,,yellow,upright,sprites/0619.png
620,mienshao,fighting,,purple,upright,sprites/0620.png
621,druddigon,dragon,,red,upright,sprites/0621.png
622,golett,ground,ghost,green,humanoid,sprites/0622.png
623,golurk,ground,ghost,green,humanoid,sprites/0623.png
624,pawniard,dark,steel,red,humanoid,sprites/0624.png
625,bisharp,dark,steel,red,humanoid,sprites/0625.png
626,bouffalant,normal,,brown,quadruped,sprites/0626.png
627,rufflet,normal,flying,white,wings,sprites/0627.png
628,braviary,normal,flying,red,wings,sprites/0628.png
629,vullaby,dark,flying,brown,wings,sprites/0629.png
630,mandibuzz,dark,flying,brown,wings,sprites/0630.png
631,heatmor,fire,,red,upright,sprites/0631.png
632,durant,bug,steel,gray,armor,sprites/0632.png
633,deino,dark,dragon,blue,quadruped,sprites/0633.png
634,zweilous,dark,dragon,blue,quadruped,sprites/0634.png
635,hydreigon,dark,dragon,blue,upright,sprites/0635.png
636,larvesta,bug,fire,white,armor,sprites/0636.png
637,volcarona,bug,fire,white,bug-wings,sprites/0637.png
638,cobalion,steel,fighting,blue,quadruped,sprites/0638.png
639,terrakion,rock,fighting,gray,quadruped,sprites/0639.png
640,virizion,grass,fighting,green,quadruped,sprites/0640.png
641,tornadus-incarnate,flying,,green,arms,sprites/0641.png
642,thundurus-incarnate,electric,flying,blue,arms,sprites/0642.png
643,reshiram,dragon,fire,white,wings,sprites/0643.png
644,zekrom,dragon,electric,black,upright,sprites/0644.png
645,landorus-incarnate,ground,flying,brown,arms,sprites/0645.png
646,kyurem,dragon,ice,gray,upright,sprites/0646.png
647,keldeo-ordinary,water,fighting,yellow,quadruped,sprites/0647.png
648,meloetta-aria,normal,psychic,white,humanoid,sprites/0648.png
649,genesect,bug,steel,purple,humanoid,sprites/0649.png
650,chespin,grass,,green,upright,sprites/0650.png
651,quilladin,grass,,green,upright,sprites/0651.png
652,chesnaught,grass,fighting,green,upright,sprites/0652.png
653,fennekin,fire,,red,quadruped,sprites/0653.png
654,braixen,fire,,red,upright,sprites/0654.png
655,delphox,fire,psychic,red,upright,sprites/0655.png
656,froakie,water,,blue,quadruped,sprites/0656.png
657,frogadier,water,,blue,humanoid,sprites/0657.png
658,greninja,water,dark,blue,humanoid,sprites/0658.png
659,bunnelby,normal,,brown,upright,sprites/0659.png
660,diggersby,normal,ground,brown,upright,sprites/0660.png
661,fletchling,normal,flying,red,wings,sprites/0661.png
662,fletchinder,fire,flying,red,wings,sprites/0662.png
663,talonflame,fire,flying,red,wings,sprites/0663.png
664,scatterbug,bug,,black,armor,sprites/0664.png
665,spewpa,bug,,black,blob,sprites/0665.png
666,vivillon,bug,flying,white,bug-wings,sprites/0666.png
667,litleo,fire,normal,brown,quadruped,sprites/0667.png
668,pyroar-male,fire,normal,brown,quadruped,sprites/0668.png
669,flabebe,fairy,,white,arms,sprites/0669.png
670,floette,fairy,,white,arms,sprites/0670.png
671,florges,fairy,,white,arms,sprites/0671.png
672,skiddo,grass,,brown,quadruped,sprites/0672.png
673,gogoat,grass,,brown,quadruped,sprites/0673.png
674,pancham,fighting,,white,upright,sprites/0674.png
675,pangoro,fighting,dark,white,humanoid,sprites/0675.png
676,furfrou,normal,,white,quadruped,sprites/0676.png
677,espurr,psychic,,gray,upright,sprites/0677.png
678,meowstic-male,psychic,,blue,upright,sprites/0678.png
679,honedge,steel,ghost,brown,blob,sprites/0679.png
680,doublade,steel,ghost,brown,heads,sprites/0680.png
681,aegislash-shield,steel,ghost,brown,blob,sprites/0681.png
682,spritzee,fairy,,pink,arms,sprites/0682.png
683,aromatisse,fairy,,pink,humanoid,sprites/0683.png
684,swirlix,fairy,,white,legs,sprites/0684.png
685,slurpuff,fairy,,white,humanoid,sprites/0685.png
686,inkay,dark,psychic,blue,tentacles,sprites/0686.png
687,malamar,dark,psychic,blue,blob,sprites/0687.png
688,binacle,rock,water,brown,heads,sprites/0688.png
689,barbaracle,rock,water,brown,heads,sprites/0689.png
690,skrelp,poison,water,brown,blob,sprites/0690.png
691,dragalge,poison,dragon,brown,blob,sprites/0691.png
692,clauncher,water,,blue,armor,sprites/0692.png
693,clawitzer,water,,blue,squiggle,sprites/0693.png
694,helioptile,electric,normal,yellow,upright,sprites/0694.png
695,heliolisk,electric,normal,yellow,upright,sprites/0695.png
696,tyrunt,rock,dragon,brown,upright,sprites/0696.png
697,tyrantrum,rock,dragon,red,upright,sprites/0697.png
698,amaura,rock,ice,blue,quadruped,sprites/0698.png
699,aurorus,rock,ice,blue,quadruped,sprites/0699.png
700,sylveon,fairy,,pink,quadruped,sprites/0700.png
701,hawlucha,fighting,flying,green,humanoid,sprites/0701.png
702,dedenne,electric,fairy,yellow,upright,sprites/0702.png
703,carbink,rock,fairy,gray,ball,sprites/0703.png
704,goomy,dragon,,purple,squiggle,sprites/0704.png
705,sliggoo,dragon,,purple,squiggle,sprites/0705.png
706,goodra,dragon,,purple,upright,sprites/0706.png
707,klefki,steel,fairy,gray,ball,sprites/0707.png
708,phantump,ghost,grass,brown,arms,sprites/0708.png
709,trevenant,ghost,grass,brown,tentacles,sprites/0709.png
710,pumpkaboo-average,ghost,grass,brown,ball,sprites/0710.png
711,gourgeist-average,ghost,grass,brown,blob,sprites/0711.png
712,bergmite,ice,,blue,quadruped,sprites/0712.png
713,avalugg,ice,,blue,quadruped,sprites/0713.png
714,noibat,flying,dragon,purple,wings,sprites/0714.png
715,noivern,flying,dragon,purple,wings,sprites/0715.png
716,xerneas,fairy,,blue,quadruped,sprites/0716.png
717,yveltal,dark,flying,red,wings,sprites/0717.png
718,zygarde-50,dragon,ground,green,squiggle,sprites/0718.png
719,diancie,rock,fairy,pink,arms,sprites/0719.png
720,hoopa,psychic,ghost,purple,arms,sprites/0720.png
721,volcanion,fire,water,brown,quadruped,sprites/0721.png
722,rowlet,grass,flying,brown,wings,sprites/0722.png
723,dartrix,grass,flying,brown,wings,sprites/0723.png
724,decidueye,grass,ghost,brown,wings,sprites/0724.png
725,litten,fire,,red,quadruped,sprites/0725.png
726,torracat,fire,,red,quadruped,sprites/0726.png
727,incineroar,fire,dark,red,upright,sprites/0727.png
728,popplio,water,,blue,fish,sprites/0728.png
729,brionne,water,,blue,fish,sprites/0729.png
730,primarina,water,fairy,blue,fish,sprites/0730.png
731,pikipek,normal,flying,black,wings,sprites/0731.png
732,trumbeak,normal,flying,black,wings,sprites/0732.png
733,toucannon,normal,flying,black,wings,sprites/0733.png
734,yungoos,normal,,brown,quadruped,sprites/0734.png
735,gumshoos,normal,,brown,quadruped,sprites/0735.png
736,grubbin,bug,,gray,armor,sprites/0736.png
737,charjabug,bug,electric,green,squiggle,sprites/0737.png
738,vikavolt,bug,electric,blue,armor,sprites/0738.png
739,crabrawler,fighting,,purple,armor,sprites/0739.png
740,crabominable,fighting,ice,white,armor,sprites/0740.png
741,oricorio-baile,fire,flying,red,wings,sprites/0741.png
742,cutiefly,bug,fairy,yellow,armor,sprites/0742.png
743,ribombee,bug,fairy,yellow,bug-wings,sprites/0743.png
744,rockruff,rock,,brown,quadruped,sprites/0744.png
745,lycanroc-midday,rock,,brown,quadruped,sprites/0745.png
746,wishiwashi-solo,water,,blue,fish,sprites/0746.png
747,mareanie,poison,water,blue,blob,sprites/0747.png
748,toxapex,poison,water,blue,tentacles,sprites/0748.png
749,mudbray,ground,,brown,quadruped,sprites/0749.png
750,mudsdale,ground,,brown,quadruped,sprites/0750.png
751,dewpider,water,bug,green,legs,sprites/0751.png
752,araquanid,water,bug,green,armor,sprites/0752.png
753,fomantis,grass,,pink,upright,sprites/0753.png
754,lurantis,grass,,pink,humanoid,sprites/0754.png
755,morelull,grass,fairy,purple,blob,sprites/0755.png
756,shiinotic,grass,fairy,purple,humanoid,sprites/0756.png
757,salandit,poison,fire,black,quadruped,sprites/0757.png
758,salazzle,poison,fire,black,quadruped,sprites/0758.png
759,stufful,normal,fighting,pink,quadruped,sprites/0759.png
760,bewear,normal,fighting,pink,upright,sprites/0760.png
761,bounsweet,grass,,purple,legs,sprites/0761.png
762,steenee,grass,,purple,humanoid,sprites/0762.png
763,tsareena,grass,,purple,humanoid,sprites/0763.png
764,comfey,fairy,,green,ball,sprites/0764.png
765,oranguru,normal,psychic,white,humanoid,sprites/0765.png
766,passimian,fighting,,white,upright,sprites/0766.png
767,wimpod,bug,water,gray,tentacles,sprites/0767.png
768,golisopod,bug,water,gray,humanoid,sprites/0768.png
769,sandygast,ghost,ground,brown,squiggle,sprites/0769.png
770,palossand,ghost,ground,brown,squiggle,sprites/0770.png
771,pyukumuku,water,,black,squiggle,sprites/0771.png
772,type-null,normal,,gray,quadruped,sprites/0772.png
773,silvally,normal,,gray,quadruped,sprites/0773.png
774,minior-red-meteor,rock,flying,brown,ball,sprites/0774.png
775,komala,normal,,blue,humanoid,sprites/0775.png
776,turtonator,fire,dragon,red,upright,sprites/0776.png
777,togedemaru,electric,steel,gray,upright,sprites/0777.png
778,mimikyu-disguised,ghost,fairy,yellow,squiggle,sprites/0778.png
779,bruxish,water,psychic,pink,fish,sprites/0779.png
780,drampa,normal,dragon,white,squiggle,sprites/0780.png
781,dhelmise,ghost,grass,green,blob,sprites/0781.png
782,jangmo-o,dragon,,gray,quadruped,sprites/0782.png
783,hakamo-o,dragon,fighting,gray,upright,sprites/0783.png
784,kommo-o,dragon,fighting,gray,upright,sprites/0784.png
785,tapu-koko,electric,fairy,yellow,arms,sprites/0785.png
786,tapu-lele,psychic,fairy,pink,arms,sprites/0786.png
787,tapu-bulu,grass,fairy,red,arms,sprites/0787.png
788,tapu-fini,water,fairy,purple,arms,sprites/0788.png
789,cosmog,psychic,,blue,ball,sprites/0789.png
790,cosmoem,psychic,,blue,ball,sprites/0790.png
791,solgaleo,psychic,steel,white,quadruped,sprites/0791.png
792,lunala,psychic,ghost,purple,wings,sprites/0792.png
793,nihilego,rock,poison,white,tentacles,sprites/0793.png
794,buzzwole,bug,fighting,red,tentacles,sprites/0794.png
795,pheromosa,bug,fighting,white,humanoid,sprites/0795.png
796,xurkitree,electric,,black,upright,sprites/0796.png
797,celesteela,steel,flying,green,humanoid,sprites/0797.png
798,kartana,grass,steel,white,humanoid,sprites/0798.png
799,guzzlord,dark,dragon,black,upright,sprites/0799.png
800,necrozma,psychic,,black,arms,sprites/0800.png
801,magearna,steel,fairy,gray,humanoid,sprites/0801.png
802,marshadow,fighting,ghost,gray,humanoid,sprites/0802.png
803,poipole,poison,,purple,upright,sprites/0803.png
804,naganadel,poison,dragon,purple,wings,sprites/0804.png
805,stakataka,rock,steel,gray,quadruped,sprites/0805.png
806,blacephalon,fire,ghost,white,humanoid,sprites/0806.png
807,zeraora,electric,,yellow,humanoid,sprites/0807.png
808,meltan,steel,,gray,ball,sprites/0808.png
809,melmetal,steel,,gray,humanoid,sprites/0809.png
810,grookey,grass,,green,upright,sprites/0810.png
811,thwackey,grass,,green,upright,sprites/0811.png
812,rillaboom,grass,,green,humanoid,sprites/0812.png
813,scorbunny,fire,,white,upright,sprites/0813.png
814,raboot,fire,,gray,upright,sprites/0814.png
815,cinderace,fire,,white,upright,sprites/0815.png
816,sobble,water,,blue,quadruped,sprites/0816.png
817,drizzile,water,,blue,upright,sprites/0817.png
818,inteleon,water,,blue,upright,sprites/0818.png
819,skwovet,normal,,brown,upright,sprites/0819.png
820,greedent,normal,,brown,upright,sprites/0820.png
821,rookidee,flying,,blue,wings,sprites/0821.png
822,corvisquire,flying,,blue,wings,sprites/0822.png
823,corviknight,flying,steel,purple,wings,sprites/0823.png
824,blipbug,bug,,blue,armor,sprites/0824.png
825,dottler,bug,psychic,yellow,armor,sprites/0825.png
826,orbeetle,bug,psychic,red,wings,sprites/0826.png
827,nickit,dark,,brown,quadruped,sprites/0827.png
828,thievul,dark,,brown,quadruped,sprites/0828.png
829,gossifleur,grass,,green,blob,sprites/0829.png
830,eldegoss,grass,,green,blob,sprites/0830.png
831,wooloo,normal,,white,quadruped,sprites/0831.png
832,dubwool,normal,,white,quadruped,sprites/0832.png
833,chewtle,water,,green,quadruped,sprites/0833.png
834,drednaw,water,rock,green,quadruped,sprites/0834.png
835,yamper,electric,,yellow,quadruped,sprites/0835.png
836,boltund,electric,,yellow,quadruped,sprites/0836.png
837,rolycoly,rock,,black,ball,sprites/0837.png
838,carkol,rock,fire,black,legs,sprites/0838.png
839,coalossal,rock,fire,black,humanoid,sprites/0839.png
840,applin,grass,dragon,green,squiggle,sprites/0840.png
841,flapple,grass,dragon,green,wings,sprites/0841.png
842,appletun,grass,dragon,green,quadruped,sprites/0842.png
843,silicobra,ground,,green,squiggle,sprites/0843.png
844,sandaconda,ground,,green,squiggle,sprites/0844.png
845,cramorant,flying,water,blue,wings,sprites/0845.png
846,arrokuda,water,,brown,fish,sprites/0846.png
847,barraskewda,water,,brown,fish,sprites/0847.png
848,toxel,electric,poison,purple,upright,sprites/0848.png
849,toxtricity-amped,electric,poison,purple,upright,sprites/0849.png
850,sizzlipede,fire,bug,red,tentacles,sprites/0850.png
851,centiskorch,fire,bug,red,tentacles,sprites/0851.png
852,clobbopus,fighting,,brown,tentacles,sprites/0852.png
853,grapploct,fighting,,blue,tentacles,sprites/0853.png
854,sinistea,ghost,,purple,ball,sprites/0854.png
855,polteageist,ghost,,purple,ball,sprites/0855.png
856,hatenna,psychic,,pink,legs,sprites/0856.png
857,hattrem,psychic,,pink,humanoid,sprites/0857.png
858,hatterene,psychic,fairy,pink,blob,sprites/0858.png
859,impidimp,dark,fairy,pink,humanoid,sprites/0859.png
860,morgrem,dark,fairy,pink,humanoid,sprites/0860.png
861,grimmsnarl,dark,fairy,purple,humanoid,sprites/0861.png
862,obstagoon,dark,normal,gray,upright,sprites/0862.png
863,perrserker,steel,,brown,upright,sprites/0863.png
864,cursola,ghost,,white,arms,sprites/0864.png
865,sirfetchd,fighting,,white,wings,sprites/0865.png
866,mr-rime,ice,psychic,purple,humanoid,sprites/0866.png
867,runerigus,ground,ghost,gray,blob,sprites/0867.png
868,milcery,fairy,,white,ball,sprites/0868.png
869,alcremie,fairy,,white,blob,sprites/0869.png
870,falinks,fighting,,yellow,heads,sprites/0870.png
871,pincurchin,electric,,purple,tentacles,sprites/0871.png
872,snom,ice,bug,white,squiggle,sprites/0872.png
873,frosmoth,ice,bug,white,bug-wings,sprites/0873.png
874,stonjourner,rock,,gray,legs,sprites/0874.png
875,eiscue-ice,ice,,blue,upright,sprites/0875.png
876,indeedee-male,psychic,normal,purple,upright,sprites/0876.png
877,morpeko-full-belly,electric,dark,yellow,humanoid,sprites/0877.png
878,cufant,steel,,yellow,quadruped,sprites/0878.png
879,copperajah,steel,,green,quadruped,sprites/0879.png
880,dracozolt,electric,dragon,green,upright,sprites/0880.png
881,arctozolt,electric,ice,blue,upright,sprites/0881.png
882,dracovish,water,dragon,green,legs,sprites/0882.png
883,arctovish,water,ice,blue,fish,sprites/0883.png
884,duraludon,steel,dragon,white,upright,sprites/0884.png
885,dreepy,dragon,ghost,green,squiggle,sprites/0885.png
886,drakloak,dragon,ghost,green,arms,sprites/0886.png
887,dragapult,dragon,ghost,green,upright,sprites/0887.png
888,zacian,fairy,,blue,quadruped,sprites/0888.png
889,zamazenta,fighting,,red,quadruped,sprites/0889.png
890,eternatus,poison,dragon,purple,wings,sprites/0890.png
891,kubfu,fighting,,gray,upright,sprites/0891.png
892,urshifu-single-strike,fighting,dark,gray,humanoid,sprites/0892.png
893,zarude,dark,grass,green,upright,sprites/0893.png
894,regieleki,electric,,yellow,humanoid,sprites/0894.png
895,regidrago,dragon,,green,humanoid,sprites/0895.png
896,glastrier,ice,,white,quadruped,sprites/0896.png
897,spectrier,ghost,,black,quadruped,sprites/0897.png
898,calyrex,psychic,grass,green,humanoid,sprites/0898.png
899,wyrdeer,normal,psychic,gray,quadruped,sprites/0899.png
900,kleavor,bug,rock,brown,bug-wings,sprites/0900.png
901,ursaluna,ground,normal,brown,quadruped,sprites/0901.png
902,basculegion-male,water,ghost,green,fish,sprites/0902.png
903,sneasler,fighting,poison,gray,upright,sprites/0903.png
904,overqwil,dark,poison,black,fish,sprites/0904.png
905,enamorus-incarnate,fairy,flying,pink,arms,sprites/0905.png
906,sprigatito,grass,,green,quadruped,sprites/0906.png
907,floragato,grass,,green,upright,sprites/0907.png
908,meowscarada,grass,dark,green,upright,sprites/0908.png
909,fuecoco,fire,,red,upright,sprites/0909.png
910,crocalor,fire,,red,upright,sprites/0910.png
911,skeledirge,fire,ghost,red,quadruped,sprites/0911.png
912,quaxly,water,,white,upright,sprites/0912.png
913,quaxwell,water,,blue,upright,sprites/0913.png
914,quaquaval,water,fighting,blue,upright,sprites/0914.png
915,lechonk,normal,,gray,quadruped,sprites/0915.png
916,oinkologne-male,normal,,gray,quadruped,sprites/0916.png
917,tarountula,bug,,white,armor,sprites/0917.png
918,spidops,bug,,green,armor,sprites/0918.png
919,nymble,bug,,gray,armor,sprites/0919.png
920,lokix,bug,dark,gray,humanoid,sprites/0920.png
921,pawmi,electric,,yellow,quadruped,sprites/0921.png
922,pawmo,electric,fighting,yellow,upright,sprites/0922.png
923,pawmot,electric,fighting,yellow,upright,sprites/0923.png
924,tandemaus,normal,,white,heads,sprites/0924.png
925,maushold-family-of-four,normal,,white,heads,sprites/0925.png
926,fidough,fairy,,yellow,quadruped,sprites/0926.png
927,dachsbun,fairy,,brown,quadruped,sprites/0927.png
928,smoliv,grass,normal,green,legs,sprites/0928.png
929,dolliv,grass,normal,green,humanoid,sprites/0929.png
930,arboliva,grass,normal,green,humanoid,sprites/0930.png
931,squawkabilly-green-plumage,normal,flying,green,wings,sprites/0931.png
932,nacli,rock,,brown,ball,sprites/0932.png
933,naclstack,rock,,brown,quadruped,sprites/0933.png
934,garganacl,rock,,brown,humanoid,sprites/0934.png
935,charcadet,fire,,red,humanoid,sprites/0935.png
936,armarouge,fire,psychic,red,humanoid,sprites/0936.png
937,ceruledge,fire,ghost,blue,humanoid,sprites/0937.png
938,tadbulb,electric,,yellow,ball,sprites/0938.png
939,bellibolt,electric,,green,humanoid,sprites/0939.png
940,wattrel,electric,flying,black,wings,sprites/0940.png
941,kilowattrel,electric,flying,yellow,wings,sprites/0941.png
942,maschiff,dark,,brown,quadruped,sprites/0942.png
943,mabosstiff,dark,,gray,quadruped,sprites/0943.png
944,shroodle,poison,normal,gray,quadruped,sprites/0944.png
945,grafaiai,poison,normal,gray,upright,sprites/0945.png
946,bramblin,grass,ghost,brown,ball,sprites/0946.png
947,brambleghast,grass,ghost,brown,ball,sprites/0947.png
948,toedscool,ground,grass,yellow,legs,sprites/0948.png
949,toedscruel,ground,grass,black,tentacles,sprites/0949.png
950,klawf,rock,,red,armor,sprites/0950.png
951,capsakid,grass,,green,upright,sprites/0951.png
952,scovillain,grass,fire,green,upright,sprites/0952.png
953,rellor,bug,,brown,armor,sprites/0953.png
954,rabsca,bug,psychic,green,armor,sprites/0954.png
955,flittle,psychic,,yellow,legs,sprites/0955.png
956,espathra,psychic,,yellow,upright,sprites/0956.png
957,tinkatink,fairy,steel,pink,humanoid,sprites/0957.png
958,tinkatuff,fairy,steel,pink,humanoid,sprites/0958.png
959,tinkaton,fairy,steel,pink,humanoid,sprites/0959.png
960,wiglett,water,,white,blob,sprites/0960.png
961,wugtrio,water,,red,blob,sprites/0961.png
962,bombirdier,flying,dark,white,wings,sprites/0962.png
963,finizen,water,,blue,fish,sprites/0963.png
964,palafin-zero,water,,blue,fish,sprites/0964.png
965,varoom,steel,poison,gray,legs,sprites/0965.png
966,revavroom,steel,poison,gray,legs,sprites/0966.png
967,cyclizar,dragon,normal,green,quadruped,sprites/0967.png
968,orthworm,steel,,pink,squiggle,sprites/0968.png
969,glimmet,rock,poison,blue,ball,sprites/0969.png
970,glimmora,rock,poison,blue,ball,sprites/0970.png
971,greavard,ghost,,white,quadruped,sprites/0971.png
972,houndstone,ghost,,white,quadruped,sprites/0972.png
973,flamigo,flying,fighting,pink,wings,sprites/0973.png
974,cetoddle,ice,,white,upright,sprites/0974.png
975,cetitan,ice,,white,upright,sprites/0975.png
976,veluza,water,psychic,gray,fish,sprites/0976.png
977,dondozo,water,,blue,fish,sprites/0977.png
978,tatsugiri-curly,dragon,water,pink,fish,sprites/0978.png
979,annihilape,fighting,ghost,gray,humanoid,sprites/0979.png
980,clodsire,poison,ground,brown,quadruped,sprites/0980.png
981,farigiraf,normal,psychic,brown,quadruped,sprites/0981.png
982,dudunsparce-two-segment,normal,,yellow,squiggle,sprites/0982.png
983,kingambit,dark,steel,black,humanoid,sprites/0983.png
984,great-tusk,ground,fighting,purple,quadruped,sprites/0984.png
985,scream-tail,fairy,psychic,pink,upright,sprites/0985.png
986,brute-bonnet,grass,dark,gray,quadruped,sprites/0986.png
987,flutter-mane,ghost,fairy,gray,wings,sprites/0987.png
988,slither-wing,bug,fighting,red,quadruped,sprites/0988.png
989,sandy-shocks,electric,ground,gray,quadruped,sprites/0989.png
990,iron-treads,ground,steel,gray,quadruped,sprites/0990.png
991,iron-bundle,ice,water,red,upright,sprites/0991.png
992,iron-hands,fighting,electric,gray,humanoid,sprites/0992.png
993,iron-jugulis,dark,flying,blue,upright,sprites/0993.png
994,iron-moth,fire,poison,yellow,bug-wings,sprites/0994.png
995,iron-thorns,rock,electric,green,upright,sprites/0995.png
996,frigibax,dragon,ice,gray,upright,sprites/0996.png
997,arctibax,dragon,ice,gray,upright,sprites/0997.png
998,baxcalibur,dragon,ice,gray,upright,sprites/0998.png
999,gimmighoul,ghost,,brown,blob,sprites/0999.png
1000,gholdengo,steel,ghost,yellow,humanoid,sprites/1000.png
1001,wo-chien,dark,grass,brown,squiggle,sprites/1001.png
1002,chien-pao,dark,ice,white,quadruped,sprites/1002.png
1003,ting-lu,dark,ground,brown,quadruped,sprites/1003.png
1004,chi-yu,dark,fire,red,fish,sprites/1004.png
1005,roaring-moon,dragon,dark,green,quadruped,sprites/1005.png
1006,iron-valiant,fairy,fighting,white,humanoid,sprites/1006.png
1007,koraidon,fighting,dragon,red,upright,sprites/1007.png
1008,miraidon,electric,dragon,blue,quadruped,sprites/1008.png
1009,walking-wake,water,dragon,blue,upright,sprites/1009.png
1010,iron-leaves,grass,psychic,green,quadruped,sprites/1010.png
1011,dipplin,grass,dragon,green,heads,sprites/1011.png
1012,poltchageist,grass,ghost,green,ball,sprites/1012.png
1013,sinistcha,grass,ghost,green,ball,sprites/1013.png
1014,okidogi,poison,fighting,black,upright,sprites/1014.png
1015,munkidori,poison,psychic,black,humanoid,sprites/1015.png
1016,fezandipiti,poison,fairy,black,wings,sprites/1016.png
1017,ogerpon,grass,,green,humanoid,sprites/1017.png
1018,archaludon,steel,dragon,white,upright,sprites/1018.png
1019,hydrapple,grass,dragon,green,heads,sprites/1019.png
1020,gouging-fire,fire,dragon,brown,quadruped,sprites/1020.png
1021,raging-bolt,electric,dragon,yellow,quadruped,sprites/1021.png
1022,iron-boulder,rock,psychic,gray,quadruped,sprites/1022.png
1023,iron-crown,steel,psychic,blue,quadruped,sprites/1023.png
1024,terapagos,normal,,blue,quadruped,sprites/1024.png
1025,pecharunt,poison,ghost,purple,ball,sprites/1025.png
